"metaprogram","rank","gene","normalized_weight"
"MP1",1,"APOC3",0.0154521781908545
"MP1",2,"GSTA1",0.0153941573852544
"MP1",3,"ORM1",0.0131338330488013
"MP1",4,"GSTA2",0.0127647965834939
"MP1",5,"HP",0.0127028621487276
"MP1",6,"APOA1",0.0126290284139596
"MP1",7,"CFHR1",0.0125686038391679
"MP1",8,"TTR",0.0123210643146101
"MP1",9,"AHSG",0.0120274185303946
"MP1",10,"APOC2",0.0118786451017032
"MP1",11,"FGG",0.0118645561892416
"MP1",12,"FABP1",0.0115966162216378
"MP1",13,"SAA4",0.011331694550049
"MP1",14,"APOH",0.0109964616467122
"MP1",15,"ADH1B",0.0108487140217328
"MP1",16,"ORM2",0.0106946805260488
"MP1",17,"FGB",0.0106416391980652
"MP1",18,"KNG1",0.0105606536557774
"MP1",19,"FGL1",0.0104876611003762
"MP1",20,"CFB",0.0102977697618263
"MP1",21,"HSD17B6",0.0102973583318806
"MP1",22,"ANGPTL3",0.0102951849755101
"MP1",23,"APOM",0.0101693939930051
"MP1",24,"HPX",0.00983240705975525
"MP1",25,"FGA",0.00966639335542166
"MP1",26,"CFHR2",0.00956472859945338
"MP1",27,"CFHR3",0.00954531907371949
"MP1",28,"TF",0.00953849015457701
"MP1",29,"PLG",0.00944020976195722
"MP1",30,"TDO2",0.00934165507404731
"MP1",31,"GC",0.00927734536591332
"MP1",32,"APCS",0.00870762131644922
"MP1",33,"SERPIND1",0.00862668114591775
"MP1",34,"SERPINC1",0.0085950555719136
"MP1",35,"ARG1",0.00848921254673028
"MP1",36,"ITIH3",0.00848361572685774
"MP1",37,"HMGCS2",0.0084411345427314
"MP1",38,"AGXT",0.00838418116092907
"MP1",39,"PRAP1",0.00829323572391146
"MP1",40,"AMBP",0.00823340652088628
"MP1",41,"VTN",0.00808122305901661
"MP1",42,"RBP4",0.0080789081254124
"MP1",43,"CYB5A",0.00800795100821621
"MP1",44,"CFH",0.00795155482004866
"MP1",45,"F2",0.00792821491774232
"MP1",46,"UGT2B4",0.00788515081374952
"MP1",47,"ADH1A",0.00786042130111739
"MP1",48,"EPHX1",0.00780453761000413
"MP1",49,"AADAC",0.00770008535731965
"MP1",50,"ITIH2",0.00764983572444169
"MP1",51,"UGT2B15",0.00760419633977819
"MP1",52,"GPC3",0.00756679508772172
"MP1",53,"UGT2B7",0.00742704896902782
"MP1",54,"PON1",0.00742526349810847
"MP1",55,"SERPINA4",0.00736765478346449
"MP1",56,"SULT2A1",0.00727644220523806
"MP1",57,"APOB",0.00726029101803794
"MP1",58,"CES1",0.00719153116588676
"MP1",59,"AZGP1",0.00709479277193368
"MP1",60,"ALDOB",0.00704215592842273
"MP1",61,"ITIH1",0.00701090416843139
"MP1",62,"CYP2D6",0.00700644079968841
"MP1",63,"HULC",0.00700456054179687
"MP1",64,"RARRES2",0.00694402529586264
"MP1",65,"LEAP2",0.00691536008318763
"MP1",66,"SLC2A2",0.00679476550852292
"MP1",67,"C2",0.00677216280042047
"MP1",68,"NUPR1",0.00669852295439715
"MP1",69,"SERPINA11",0.00667588356059768
"MP1",70,"HPR",0.00663563356595354
"MP1",71,"AGT",0.00657204919858981
"MP1",72,"F10",0.0064747348004092
"MP1",73,"C8G",0.00642190991419352
"MP1",74,"SERPINA7",0.00638309236333854
"MP1",75,"AKR1C1",0.00638196795061579
"MP1",76,"RBP5",0.00637698640415002
"MP1",77,"AKR1C4",0.00634852366350317
"MP1",78,"AKR1C3",0.00634436994223261
"MP1",79,"BNIP3",0.00618027618185643
"MP1",80,"BCHE",0.00608078547144071
"MP1",81,"HRG",0.0060593194904985
"MP1",82,"SERPINF1",0.00605331333476572
"MP1",83,"PHYH",0.00602343072059907
"MP1",84,"SERPINF2",0.00596449201115338
"MP1",85,"C1R",0.00595243776865709
"MP1",86,"FXYD1",0.0059496866366163
"MP1",87,"CFI",0.00592808603859474
"MP1",88,"ADH4",0.0059201675406027
"MP1",89,"A1BG",0.00591441062199126
"MP1",90,"RPS5",0.00591314558768879
"MP1",91,"AKR1C2",0.00591051676912263
"MP1",92,"CYP2C9",0.00591048141722192
"MP1",93,"PRDX1",0.00588396974728782
"MP1",94,"REEP6",0.00586043889274051
"MP1",95,"DCXR",0.00581241416125053
"MP1",96,"CP",0.00581029750971335
"MP1",97,"STMN1",0.00579214523658535
"MP1",98,"SERPINA5",0.00576467069744238
"MP1",99,"LGALS4",0.00575544382568538
"MP1",100,"TFR2",0.00572396472514768
"MP1",101,"LBP",0.00571100907491864
"MP1",102,"PCK1",0.00567603011853386
"MP1",103,"C1S",0.00566697398085369
"MP1",104,"SERPING1",0.00561476527657689
"MP1",105,"IL32",0.00560320200625836
"MP1",106,"GJB1",0.00558979892415913
"MP1",107,"ANG",0.00552776938094058
"MP1",108,"RPS10",0.00548314173416693
"MP1",109,"KHK",0.00545959905528607
"MP1",110,"GATM",0.00544345695989076
"MP1",111,"PON3",0.00541993428667141
"MP1",112,"CKS1B",0.00532666272775636
"MP1",113,"HRSP12",0.00531509656622673
"MP1",114,"TM4SF4",0.00529108328646893
"MP1",115,"C3",0.00528540939346918
"MP1",116,"RGN",0.00526807173419255
"MP1",117,"MPC2",0.0052556491481249
"MP1",118,"OTC",0.00522535428338268
"MP1",119,"ACSM2B",0.00522476381565905
"MP1",120,"TMEM176B",0.00521170248506692
"MP1",121,"ADH1C",0.00519836692029921
"MP1",122,"TM7SF2",0.00518371926329059
"MP1",123,"SCD",0.00515971050665373
"MP1",124,"ADI1",0.0051505748392683
"MP1",125,"CD74",0.00512054365498172
"MP1",126,"SMLR1",0.00511154156917062
"MP1",127,"C8B",0.00505535853963578
"MP1",128,"SERPINA6",0.00503429067458739
"MP1",129,"C4BPA",0.00502695695609364
"MP1",130,"C4BPB",0.00498142806370457
"MP1",131,"NEAT1",0.00497423255564099
"MP1",132,"GGH",0.00495029667681878
"MP1",133,"MLXIPL",0.00490799870400729
"MP2",1,"TOP2A",0.058442293257825
"MP2",2,"BIRC5",0.0576111546576482
"MP2",3,"UBE2C",0.0560181966996501
"MP2",4,"CDC20",0.0539778048147948
"MP2",5,"CDK1",0.0458060467902474
"MP2",6,"MAD2L1",0.0439830907002183
"MP2",7,"NUSAP1",0.0435742406730792
"MP2",8,"CCNB1",0.0410172458456023
"MP2",9,"PTTG1",0.0403457088132552
"MP2",10,"KIAA0101",0.0401066624970504
"MP2",11,"CCNB2",0.0379832585293741
"MP2",12,"TPX2",0.0365116797827765
"MP2",13,"RRM2",0.0353836033811155
"MP2",14,"CENPF",0.0346844765873845
"MP2",15,"CENPW",0.0344643229653399
"MP2",16,"PBK",0.0343019993182606
"MP2",17,"PRC1",0.0341176590667702
"MP2",18,"CDKN3",0.0331836514684057
"MP2",19,"NUF2",0.0330808159472227
"MP2",20,"SPC25",0.0310114691350074
"MP2",21,"TK1",0.0305809396642024
"MP2",22,"HMMR",0.03047948251239
"MP2",23,"AURKA",0.0303809628013281
"MP2",24,"SGOL1",0.0285673274827064
"MP2",25,"CDCA3",0.027426122948529
"MP2",26,"ZWINT",0.0269597836598161
"MP3",1,"MYC",0.0158695484597654
"MP3",2,"ELF3",0.0120880824748267
"MP3",3,"SPINK1",0.0120153358152042
"MP3",4,"TNFRSF12A",0.0111621276615553
"MP3",5,"CXCL2",0.0103844972406504
"MP3",6,"TM4SF1",0.00981396222788621
"MP3",7,"ZFP36",0.00911619574492276
"MP3",8,"FOS",0.00810727411406651
"MP3",9,"KLF6",0.00789613354533177
"MP3",10,"OAF",0.00786458860213956
"MP3",11,"DTYMK",0.00775779069537639
"MP3",12,"SOX4",0.00770104507548236
"MP3",13,"TUBA1B",0.00760756175999178
"MP3",14,"ATF3",0.00743942084178622
"MP3",15,"ICAM1",0.00738102250297819
"MP3",16,"AKR1B10",0.00734644449414779
"MP3",17,"HES1",0.00730805401741902
"MP3",18,"KRT8",0.00728176100401728
"MP3",19,"CXCL8",0.00712531233779654
"MP3",20,"VIM",0.00711243172087454
"MP3",21,"MT1E",0.0070395690912884
"MP3",22,"KLF4",0.00700693021249506
"MP3",23,"JUN",0.00686268361815064
"MP3",24,"STMN1",0.00683156092114743
"MP3",25,"JUNB",0.00676296922041945
"MP3",26,"PPP1R15A",0.00663383270307779
"MP3",27,"LYZ",0.0065221483513994
"MP3",28,"CTSS",0.00644984129019659
"MP3",29,"NFKBIZ",0.00637260475510618
"MP3",30,"MT1X",0.00634344963223398
"MP3",31,"NEAT1",0.00632913566228688
"MP3",32,"KPNA2",0.00626655662019059
"MP3",33,"GDF15",0.00615232793922653
"MP3",34,"CKS1B",0.00609609205911759
"MP3",35,"ADH1B",0.00608848997836637
"MP3",36,"FABP5",0.00608676285370906
"MP3",37,"H2AFZ",0.00607967191771392
"MP3",38,"RPS10",0.00606071339413261
"MP3",39,"AKR1C1",0.00602737664383024
"MP3",40,"DUSP6",0.00602611629045957
"MP3",41,"MIR4435-2HG",0.00597033782584106
"MP3",42,"GSTA1",0.00596398265304009
"MP3",43,"FKBP11",0.00589035775689007
"MP3",44,"FGG",0.0058885457929558
"MP3",45,"TNFAIP3",0.00587377252233254
"MP3",46,"DDIT3",0.00585531524170715
"MP3",47,"NEDD9",0.00576681029856485
"MP3",48,"FOSB",0.00575654705245235
"MP3",49,"RPSA",0.00573702168119665
"MP3",50,"CD151",0.00573182427782495
"MP3",51,"RRBP1",0.0056911778313023
"MP3",52,"HLA-DPA1",0.00569062746815156
"MP3",53,"AKR1C2",0.00562974630635437
"MP3",54,"IER3",0.00560198005726832
"MP3",55,"BNIP3",0.00554175597718907
"MP3",56,"ANXA2",0.00552267112501651
"MP3",57,"BNIP3L",0.00548091386659011
"MP3",58,"APOH",0.00545322977825827
"MP3",59,"AKR1C3",0.00543769448947211
"MP3",60,"IL32",0.00542231976774123
"MP3",61,"FGL1",0.00540504180428346
"MP3",62,"GNB2L1",0.00537733888012902
"MP3",63,"HMGN2",0.00535547474145929
"MP3",64,"SELM",0.00534331742558929
"MP3",65,"UBD",0.00533385183359044
"MP3",66,"NME1",0.0053147809498765
"MP3",67,"ACTG1",0.00530157609421919
"MP3",68,"HLA-DRA",0.00529390477008564
"MP3",69,"LGALS4",0.00529064347136214
"MP3",70,"SLC3A2",0.00522474647341812
"MP3",71,"ROCK2",0.00520738929307656
"MP3",72,"NFKBIA",0.00520200793899599
"MP3",73,"C1R",0.00519529126925118
"MP3",74,"MYH9",0.0051679002985957
"MP3",75,"PTTG1IP",0.00515530058549379
"MP3",76,"ATP5G1",0.00513858097052362
"MP3",77,"MDK",0.00513068337985139
"MP3",78,"CYB5A",0.005130163683369
"MP3",79,"SRP72",0.0051199959808322
"MP3",80,"GC",0.00511412180299903
"MP3",81,"TXNIP",0.00510963356393094
"MP3",82,"SH3BGRL3",0.00507940594488002
"MP3",83,"RPS5",0.0050563216339406
"MP3",84,"TACC1",0.00504838796631477
"MP3",85,"ISG20",0.00502540672958239
"MP3",86,"MT2A",0.00502484594852263
"MP3",87,"H2AFV",0.00499702280171152
"MP3",88,"S100A6",0.00499601759132016
"MP3",89,"KRT18",0.00498888525917734
"MP3",90,"C2",0.00497259912060111
"MP3",91,"CD74",0.00494014925234713
"MP3",92,"SQSTM1",0.00492538825961293
"MP3",93,"FNDC3B",0.00492249554662273
"MP3",94,"PPA1",0.00492001523884656
"MP3",95,"ORM1",0.0049095637554455
"MP3",96,"FGB",0.004892923541682
"MP3",97,"RHOC",0.00486318532737286
"MP3",98,"CLIC1",0.00486269381970211
"MP3",99,"ROBO1",0.00486190140799007
"MP3",100,"PLP2",0.00486041263870602
"MP3",101,"GNL3",0.00485518141880912
"MP3",102,"PNRC1",0.0048423790657944
"MP3",103,"LINC00152",0.00483577186094029
"MP3",104,"HLA-DMA",0.00482020076826337
"MP3",105,"IRF1",0.00480692151270812
"MP3",106,"HLA-E",0.00479344729518877
"MP3",107,"ANGPTL3",0.00478154978981735
"MP3",108,"SKA2",0.00477258490614698
"MP3",109,"RPS2",0.00477166574440397
"MP3",110,"GSN",0.00474493720316747
"MP3",111,"NNMT",0.00473658667253524
"MP3",112,"ETS2",0.00472219257874078
"MP3",113,"CEBPD",0.00471030202580013
"MP3",114,"TAGLN2",0.00468019904569376
"MP3",115,"LPP",0.0046547022182948
"MP3",116,"SOD2",0.00465254859214709
"MP3",117,"NUPR1",0.00463125728312308
"MP3",118,"TSC22D1",0.00462142819615338
"MP3",119,"HDDC2",0.00462074080588296
"MP3",120,"CES2",0.00461951244383871
"MP3",121,"HSPA5",0.00461689519159263
"MP3",122,"ZFP36L2",0.00459965844416573
"MP3",123,"DST",0.00459825840964919
"MP3",124,"DDX21",0.00459083105686837
"MP3",125,"CHCHD10",0.00458980494958492
"MP3",126,"BTG1",0.00458137323880741
"MP3",127,"HMGB3",0.00453165042569407
"MP3",128,"SPTBN1",0.00452351223927106
"MP3",129,"SAE1",0.0045035406572835
"MP3",130,"RPL4",0.00450098623895231
"MP3",131,"MPC2",0.00447276387295015
"MP3",132,"EPB41L4A-AS1",0.00445799154051319
"MP3",133,"BTG2",0.00445552424400553
"MP3",134,"NR2F2",0.0044546600263337
"MP3",135,"BCL2L1",0.0044340688525366
"MP3",136,"TPM4",0.00440653128992359
"MP3",137,"ANP32E",0.00440453122652931
"MP3",138,"DDX39A",0.00438224922221615
"MP3",139,"PPIH",0.00437856088495313
"MP3",140,"ANP32B",0.0043782706342319
"MP3",141,"IER2",0.0043694712214561
"MP3",142,"HERPUD1",0.00436662811347173
"MP3",143,"PTGR1",0.00427444983120596
"MP3",144,"PLPP1",0.00425696571670861
"MP3",145,"SMC4",0.00424229088259345
"MP3",146,"UGDH",0.00422338577562744
"MP3",147,"CFL1",0.00421781642045097
"MP3",148,"HLA-DRB1",0.00421002373765478
"MP3",149,"GFPT1",0.00419071442625499
"MP3",150,"FUNDC2",0.0041880935426626
"MP3",151,"YWHAH",0.00417794451603803
"MP3",152,"TUBB",0.00417047729410761
"MP3",153,"HIST1H1C",0.00416539753447009
"MP3",154,"PRDX1",0.00415136473830689
"MP3",155,"LAPTM5",0.004148986559874
"MP3",156,"VTN",0.00414608695199777
"MP3",157,"ERRFI1",0.00414135849703023
"MP3",158,"TUBA1C",0.00413671665290639
"MP3",159,"KLF9",0.00412299300012419
"MP3",160,"PRAP1",0.00409574300383375
"MP3",161,"GPI",0.00409140897447287
"MP3",162,"IL6ST",0.00407325660618699
"MP3",163,"AHCYL1",0.00406140300678814
"MP3",164,"EEF1B2",0.00405515985770116
"MP3",165,"PSMB8",0.00405118185338809
"MP3",166,"CHCHD2",0.00403537496577706
"MP3",167,"S100A16",0.0040278747839168
"MP3",168,"GADD45B",0.00401157870787486
"MP3",169,"HLA-C",0.00400976975151485
"MP3",170,"HLA-B",0.00399099226375625
"MP3",171,"ALDOA",0.00399040904151472
"MP3",172,"S100A10",0.0039877059124426
"MP3",173,"ATP5G3",0.0039611079137456
"MP3",174,"MARCKSL1",0.00395391555550999
"MP3",175,"DEK",0.00395227829140341
"MP3",176,"ZFP36L1",0.00394427272942857
"MP3",177,"PPP1R16A",0.00394326068979298
"MP3",178,"ZBTB16",0.00393417115659185
"MP3",179,"TYMP",0.00392953821609181
"MP3",180,"CALR",0.00391963847762671
"MP3",181,"ENO1",0.0039023275327127
"MP3",182,"KPNB1",0.00389787858828907
"MP3",183,"CAV2",0.00389588132626222
"MP3",184,"ENAH",0.00387976479614377
"MP3",185,"ADI1",0.00386945170594061
"MP3",186,"RHOU",0.00385884936547628
"MP3",187,"HLA-A",0.00385544518313471
"MP4",1,"EGR1",0.0355908396708079
"MP4",2,"FOSB",0.0353897431564582
"MP4",3,"HES1",0.030060422683343
"MP4",4,"ATF3",0.0286160200025662
"MP4",5,"KLF6",0.0283746963743231
"MP4",6,"CXCL2",0.026706294881472
"MP4",7,"CYR61",0.0258940737765661
"MP4",8,"ZFP36",0.020499578516915
"MP4",9,"JUN",0.0187662145009265
"MP4",10,"SDC4",0.0183211509096779
"MP4",11,"TRIB1",0.018235838759327
"MP4",12,"FOS",0.0175544093177724
"MP4",13,"KLF10",0.0175525277418132
"MP4",14,"RHOB",0.0167521282198453
"MP4",15,"DUSP1",0.0166603364711319
"MP4",16,"IER2",0.0151634911993524
"MP4",17,"BTG2",0.0144436527318822
"MP4",18,"LDLR",0.0139322432323224
"MP4",19,"JUND",0.0134066613988192
"MP4",20,"NFKBIA",0.0130398897145162
"MP4",21,"JUNB",0.0126224492295499
"MP4",22,"NEAT1",0.0126037305896597
"MP4",23,"C8orf4",0.0125816873507583
"MP4",24,"PPP1R15A",0.0121593066540261
"MP4",25,"HERPUD1",0.0119661552524925
"MP4",26,"ELMSAN1",0.0117437709638503
"MP4",27,"ZC3H12A",0.0115531554000759
"MP4",28,"NEDD9",0.0115406582733505
"MP4",29,"TNFAIP3",0.0115130456988541
"MP4",30,"CXCL1",0.0111747245068378
"MP4",31,"NFKBIZ",0.0110951557455293
"MP4",32,"CCL20",0.0104569003737016
"MP4",33,"CEBPD",0.0103451781578404
"MP4",34,"THBS1",0.0101434393937078
"MP4",35,"ERRFI1",0.00992720369380951
"MP4",36,"DUSP10",0.00981339467531962
"MP4",37,"PDK4",0.00944510286046831
"MP4",38,"INSR",0.00938937379752333
"MP4",39,"CXCL3",0.00907510114989854
"MP4",40,"MAFF",0.0088882755679932
"MP4",41,"FAM46A",0.00874209270772945
"MP4",42,"WEE1",0.00865755697116159
"MP4",43,"MDM4",0.00848346246146016
"MP4",44,"RASD1",0.00844495024330524
"MP4",45,"CTGF",0.00844185717697638
"MP4",46,"IER3",0.00829610819426364
"MP4",47,"DDIT3",0.00809667624855362
"MP4",48,"ETS2",0.00793569548642078
"MP4",49,"TRA2A",0.00788443292405409
"MP4",50,"SETD5",0.00775604155492778
"MP4",51,"ATP1B1",0.00772471149411795
"MP4",52,"ADM",0.0076374729167976
"MP4",53,"SOX4",0.00758110618352011
"MP4",54,"NR4A1",0.00741750836233761
"MP4",55,"KLF4",0.00733113890270549
"MP4",56,"ZNF281",0.00718177174549612
"MP4",57,"PCK1",0.00699661042986749
"MP4",58,"FOXO3",0.00697049101182623
"MP4",59,"BIRC3",0.00679533309932174
"MP4",60,"C3",0.00676345375173843
"MP4",61,"ELF3",0.00675268359742533
"MP4",62,"HIST1H4C",0.00670755727519925
"MP4",63,"HSPA1B",0.00663823441091541
"MP4",64,"HNRNPH1",0.0065044471026957
"MP4",65,"CSRNP1",0.00631769652958917
"MP4",66,"CXCL8",0.0062430619839496
"MP4",67,"SLC38A2",0.00612575173162672
"MP4",68,"PER2",0.00603411648370721
"MP4",69,"FGA",0.00601346497517408
"MP4",70,"GDF15",0.0059997322958243
"MP4",71,"TP53INP1",0.00593184893954003
"MP4",72,"HMGCS1",0.00591581647082503
"MP4",73,"RP11-138A9.2",0.00589192442093883
"MP4",74,"PDGFA",0.00579931044639464
"MP4",75,"REL",0.00575736724922182
"MP4",76,"HSPA1A",0.00575499780160101
"MP4",77,"MT-ND5",0.00572343445065507
"MP4",78,"RND1",0.00571366723332974
"MP4",79,"SERTAD1",0.00568843979863157
"MP4",80,"APOC2",0.00567567529687491
"MP4",81,"PPP1R15B",0.0056754831967434
"MP4",82,"ORM1",0.00567134661542587
"MP4",83,"ZFP36L1",0.00558886766400794
"MP4",84,"DNAJB1",0.00558536028599392
"MP4",85,"RP11-138A9.1",0.00552967684541511
"MP4",86,"TOR1AIP2",0.00552383001253468
"MP4",87,"RND3",0.00549055122479387
"MP4",88,"PHLDA1",0.0054784745714401
"MP4",89,"KCNQ1OT1",0.00535211539107508
"MP4",90,"KDM6B",0.00521303453664927
"MP4",91,"HSPH1",0.0051372101714778
"MP4",92,"NCOA7",0.00512943678898922
"MP4",93,"MLXIPL",0.00512544643955955
"MP4",94,"GADD45B",0.00509786410969433
"MP4",95,"TNFRSF12A",0.00507557919041411
"MP5",1,"SORBS2",0.0171702879065483
"MP5",2,"CPS1",0.0158870962052724
"MP5",3,"NR2F6",0.0150703627181782
"MP5",4,"ONECUT2",0.0147909811431966
"MP5",5,"MLXIPL",0.0146949249764818
"MP5",6,"GPAM",0.0138028126346834
"MP5",7,"ZNF281",0.0122944047017977
"MP5",8,"ERBB3",0.0121694355584449
"MP5",9,"TP53INP1",0.012062183073282
"MP5",10,"IL6R",0.0116727210074278
"MP5",11,"DSP",0.0115963069896033
"MP5",12,"FASN",0.0112616521372943
"MP5",13,"ABCC3",0.011210060911392
"MP5",14,"PLEC",0.0110664076108618
"MP5",15,"PHF20L1",0.0109815352377767
"MP5",16,"ATP2A2",0.0109721887881213
"MP5",17,"CPEB4",0.0107379991738586
"MP5",18,"VEGFA",0.010446676288036
"MP5",19,"SPTBN1",0.010284847523871
"MP5",20,"PCSK6",0.0100412561391426
"MP5",21,"KLF6",0.0100390950909698
"MP5",22,"RXRA",0.00980660498237517
"MP5",23,"DST",0.00975204434869535
"MP5",24,"ANKRD11",0.00968019438592942
"MP5",25,"RNF213",0.00959944528700735
"MP5",26,"IRS2",0.00958973348867469
"MP5",27,"LDLR",0.00948578822531899
"MP5",28,"ZRANB1",0.00940795760333662
"MP5",29,"PTPRF",0.00916214112799235
"MP5",30,"NRIP1",0.00905639832487058
"MP5",31,"NEAT1",0.00890010692521023
"MP5",32,"PQLC1",0.00885654630291639
"MP5",33,"HES1",0.00880721032949954
"MP5",34,"DHCR24",0.00866601183335085
"MP5",35,"MTMR4",0.00865250451745852
"MP5",36,"C3",0.00847134075594242
"MP5",37,"DMD",0.00845835804867072
"MP5",38,"F5",0.0083809192476372
"MP5",39,"CLUH",0.00823673652025194
"MP5",40,"FN1",0.00818274517142145
"MP5",41,"ZBTB10",0.00817753235799645
"MP5",42,"SLC38A2",0.00811241718269873
"MP5",43,"FLNB",0.00809992977002411
"MP5",44,"JUND",0.00792059460348968
"MP5",45,"LINC00685",0.00788367185622409
"MP5",46,"VARS",0.00781939638158015
"MP5",47,"TGFBR2",0.00777521338126029
"MP5",48,"NPLOC4",0.00762576550996252
"MP5",49,"KLF9",0.00758271503101825
"MP5",50,"RP11-553L6.5",0.00757282447754935
"MP5",51,"TEAD1",0.00747754629641586
"MP5",52,"PROX1",0.0074753835835833
"MP5",53,"SORL1",0.00745832060055563
"MP5",54,"DSG2",0.00741152117590067
"MP5",55,"PPARA",0.00736450510330689
"MP5",56,"RRBP1",0.0073329039156405
"MP5",57,"BPTF",0.00720115779345318
"MP5",58,"RORA",0.00717154565137715
"MP5",59,"TMEM245",0.00712756782944261
"MP5",60,"LRRC58",0.00703462641802725
"MP5",61,"ABCB4",0.0069754158163573
"MP5",62,"TNRC6B",0.00691927100039008
"MP5",63,"A2M",0.00685314641164059
"MP5",64,"ZFHX3",0.0068497865979631
"MP5",65,"KCTD20",0.00684569968353648
"MP5",66,"APOB",0.00683608084460284
"MP5",67,"PPARGC1A",0.00677310139032368
"MP5",68,"MGAT4B",0.00670811807541814
"MP5",69,"CEBPA",0.00668904248496685
"MP5",70,"SMAD5",0.00668097832341957
"MP5",71,"H6PD",0.0066808032406501
"MP5",72,"LPP",0.00657126894804879
"MP5",73,"MT-ND4L",0.00649217516843465
"MP5",74,"SETD5",0.00648485116310777
"MP5",75,"LEPR",0.00647635270714924
"MP5",76,"AHNAK",0.0064342498746308
"MP5",77,"INTS6",0.00642795268255787
"MP5",78,"ROCK2",0.00642603040460602
"MP5",79,"PARP14",0.0064072903631715
"MP5",80,"IGF2R",0.00640103954089467
"MP5",81,"C5",0.00638284946513943
"MP5",82,"ACSL3",0.00638219056924265
"MP5",83,"FNIP1",0.00633195770291059
"MP5",84,"PRKDC",0.00624687789543087
"MP5",85,"ABHD2",0.00624218084872514
"MP5",86,"ATAD2",0.00621678670084194
"MP5",87,"MT-ND5",0.00620753382345085
"MP5",88,"MAN2A1",0.00619261170194019
"MP5",89,"MAN1A1",0.00618524419760027
"MP5",90,"IQGAP2",0.00615305301262172
"MP5",91,"PHACTR4",0.00608962832366983
"MP5",92,"GOLGB1",0.00608211750471931
"MP5",93,"SPTAN1",0.00607535099518544
"MP5",94,"TRIB1",0.00606890630182209
"MP5",95,"NFKBIZ",0.00601187797376744
"MP5",96,"CYP4F3",0.00598934816606182
"MP5",97,"UBR4",0.00598508213635956
"MP5",98,"FAM208B",0.00595248440987319
"MP5",99,"CHD4",0.00593211606218315
"MP5",100,"RDH10",0.00589007676774966
"MP5",101,"RP11-138A9.1",0.00587195824115648
"MP5",102,"LPIN3",0.00586344188320202
"MP5",103,"KANK1",0.00584665763856451
"MP5",104,"LPIN2",0.00582999441621545
"MP5",105,"TNRC6A",0.00575842267436724
"MP5",106,"ROBO1",0.00574553874660015
"MP5",107,"MDM4",0.00566270414218027
"MP5",108,"SUZ12",0.00562893117773391
"MP5",109,"DGAT1",0.00558509615554175
"MP5",110,"PAWR",0.00556513136704759
"MP5",111,"FADS2",0.00555727231510637
"MP5",112,"ABCA6",0.00553041530552591
"MP5",113,"IL6ST",0.00552874070100068
"MP5",114,"IMPAD1",0.00549426925661518
"MP5",115,"C2orf72",0.00548022891184027
"MP5",116,"JUN",0.00544417002132903
"MP5",117,"ERN1",0.00542049150083794
"MP5",118,"RNF128",0.00536867804964916
"MP5",119,"AHR",0.00536249502827264
"MP5",120,"MYH9",0.00530163623317388
"MP5",121,"ERRFI1",0.00525425034790328
"MP5",122,"TRIM24",0.00524977159795289
"MP5",123,"DTX3L",0.00524610278083732
"MP5",124,"FOXO3",0.00519527815814768
"MP5",125,"SCD",0.00519309626379183
"MP5",126,"AKAP1",0.0051842387112198
"MP5",127,"EGR1",0.00511114553572007
"MP5",128,"CP",0.00510375240340445
"MP5",129,"WDR26",0.00503120549374053
"MP5",130,"SERINC5",0.00500279349784978
"MP6",1,"HLA-DQA1",0.0260146811909896
"MP6",2,"MS4A4A",0.0251897122363071
"MP6",3,"ARHGDIB",0.0251533206429853
"MP6",4,"CD69",0.0247849774293215
"MP6",5,"GPR183",0.0235989161656381
"MP6",6,"ZNF331",0.0230413156759451
"MP6",7,"LAPTM5",0.0225448112086224
"MP6",8,"CXCR4",0.0223919890877162
"MP6",9,"HCST",0.0216057276974435
"MP6",10,"CTSS",0.0213619090084474
"MP6",11,"NR4A2",0.0203087346029382
"MP6",12,"SRGN",0.0201516944671472
"MP6",13,"FXYD5",0.0193761438707925
"MP6",14,"RGS1",0.0191176351243547
"MP6",15,"GZMA",0.0190441759342181
"MP6",16,"EVL",0.0177043074125978
"MP6",17,"LDHB",0.0176071074130685
"MP6",18,"CD44",0.0175928886030005
"MP6",19,"C1QC",0.0175820914979594
"MP6",20,"AIF1",0.0170003665560329
"MP6",21,"ANXA1",0.016896788230055
"MP6",22,"MS4A6A",0.0167731814068142
"MP6",23,"CRIP1",0.0167059849383589
"MP6",24,"HLA-DMA",0.0163336711232643
"MP6",25,"CD7",0.0160679778399102
"MP6",26,"KDM6B",0.0157925080877291
"MP6",27,"S100A4",0.0155906759576731
"MP6",28,"PLAUR",0.0152862889718987
"MP6",29,"DUSP2",0.0151960282013931
"MP6",30,"REL",0.0150316365056007
"MP6",31,"FOLR2",0.0144870825635588
"MP6",32,"HLA-DQB1",0.0135168538655852
"MP6",33,"FCGR3A",0.0134091526324327
"MP6",34,"LST1",0.013376894995771
"MP6",35,"CCL5",0.0133391396302585
"MP6",36,"C1QB",0.0132736407255769
"MP6",37,"CTSC",0.0131200716423005
"MP6",38,"HLA-DRB1",0.0130338645090577
"MP6",39,"HLA-DPB1",0.0127498840591388
"MP6",40,"IFI16",0.0123627676516494
"MP6",41,"GLIPR1",0.0122377483586766
"MP6",42,"HLA-DPA1",0.0121080694595715
"MP6",43,"CTD-3252C9.4",0.0116876591244531
"MP6",44,"TYROBP",0.011645818285155
"MP6",45,"CCL3",0.01126916313544
"MP6",46,"SMCHD1",0.0112464770261135
"MP6",47,"CD163",0.0111160582149128
"MP6",48,"FCER1G",0.0111023640911818
"MP6",49,"ISG20",0.0110896095726066
"MP6",50,"NFKBIZ",0.0108017039007354
"MP6",51,"HMGB2",0.0107958866931454
"MP6",52,"UCP2",0.010755964395658
"MP6",53,"TNFAIP3",0.0106962919612545
"MP6",54,"PDCD4",0.0106536615313899
"MP6",55,"ZFP36L2",0.0105883672446937
"MP6",56,"PMAIP1",0.0104655763580975
"MP6",57,"TRAC",0.0104435383994083
"MP6",58,"DDIT4",0.010412386416107
"MP6",59,"RGS2",0.0100753193372672
"MP6",60,"FABP5",0.0100315921692129
"MP6",61,"RP11-138A9.2",0.00990696568149724
"MP6",62,"CCL3L3",0.00972887984840918
"MP6",63,"S100A11",0.00962154683761439
"MP6",64,"CCL4",0.00958007776186564
"MP6",65,"C1QA",0.00950832740527021
"MP6",66,"KIAA0101",0.00948272952264014
"MP6",67,"RGCC",0.00943161790406933
"MP7",1,"SPAG4",0.0803408469366191
"MP7",2,"NDRG1",0.0708944219264229
"MP7",3,"RP11-798K3.2",0.067036419157231
"MP7",4,"TMEM45A",0.0542771956543723
"MP7",5,"C15orf48",0.051284046824128
"MP7",6,"NDUFA4L2",0.0504519926233436
"MP7",7,"TMCC1",0.0337255718140714
"MP7",8,"EGLN3",0.0328953565773792
"MP7",9,"PLOD2",0.0291090753684712
"MP7",10,"IGFBP3",0.0267666324285925
"MP7",11,"FXYD1",0.0224216942849471
"MP7",12,"FAM13A",0.0222553099249481
"MP7",13,"BNIP3",0.02189843425302
"MP7",14,"SNCG",0.0204706815824708
"MP7",15,"PDK1",0.0203748993128316
"MP7",16,"SERPINE1",0.0202492861670364
"MP7",17,"ERO1A",0.0189837549000391
"MP7",18,"TNFRSF12A",0.0184133302890265
"MP7",19,"NEDD9",0.0180954511419291
"MP7",20,"INSIG2",0.017600985502819
"MP7",21,"BNIP3L",0.0172028637636274
"MP7",22,"SLC16A3",0.0171571570264088
"MP7",23,"LEAP2",0.0170869109178791
"MP7",24,"FUNDC2",0.0166003680274685
"MP7",25,"HILPDA",0.0156842212467893
"MP7",26,"RP11-49I11.1",0.0145949079610158
"MP7",27,"ADIRF",0.0135008955093949
"MP7",28,"AKR1C1",0.0127038065056143
"MP7",29,"VEGFA",0.0124483456085406
"MP7",30,"AKR1C2",0.0124258931186813
"MP7",31,"KLF6",0.0123524863259462
"MP7",32,"CD24",0.012349956783967
"MP7",33,"AKR1B10",0.0123335004566622
"MP7",34,"FBXO17",0.011465994264774
"MP7",35,"GPI",0.0111889442605729
"MP7",36,"MXI1",0.0110992530123813
"MP7",37,"SOX4",0.010026669453424
"MP7",38,"CCL20",0.00955156139637221
"MP7",39,"P4HA1",0.00932791066579392
"MP7",40,"PAG1",0.00928843636312352
"MP7",41,"VNN2",0.00893625609715321
"MP7",42,"TRIM16L",0.00893609370246795
"MP7",43,"ZFAS1",0.00891132714816136
"MP7",44,"SLC51A",0.00867733561172167
"MP7",45,"PGK1",0.00860351810235973
"MP8",1,"S100A6",0.0401744051760238
"MP8",2,"S100A11",0.0357848729949893
"MP8",3,"RPS5",0.0292371595516542
"MP8",4,"ALDOA",0.0271919754543586
"MP8",5,"S100A10",0.0247971532407934
"MP8",6,"RPS10",0.0241766992817026
"MP8",7,"NDUFA4L2",0.0240111307911711
"MP8",8,"GNB2L1",0.0218962698226249
"MP8",9,"PRDX1",0.0212844186956202
"MP8",10,"RPL4",0.0208946783581768
"MP8",11,"AKR1C3",0.0208800773750695
"MP8",12,"HSP90AB1",0.0204098919412272
"MP8",13,"SPP1",0.0196459880138841
"MP8",14,"HSPA6",0.0195763971281226
"MP8",15,"CLIC1",0.0191208988185294
"MP8",16,"EMP3",0.0186807818688678
"MP8",17,"UBC",0.0185030582472223
"MP8",18,"LGALS1",0.0181110122855378
"MP8",19,"LDHA",0.0179192015497943
"MP8",20,"CALM2",0.0178987223371194
"MP8",21,"NPM1",0.0178195896223014
"MP8",22,"SH3BGRL3",0.0176961869001085
"MP8",23,"HSPA1A",0.0176053222805729
"MP8",24,"ENO1",0.0171714665687691
"MP8",25,"CFL1",0.0169764947523627
"MP8",26,"KRT8",0.0169381727946751
"MP8",27,"DYNLL1",0.0166234286241009
"MP8",28,"CD63",0.0165407028190237
"MP8",29,"KRT18",0.0162945734204039
"MP8",30,"RPS2",0.0161680923813718
"MP8",31,"HSPA1B",0.0160803133586686
"MP8",32,"MT2A",0.0160461945545197
"MP8",33,"SPINK1",0.0158056414999494
"MP8",34,"AMBP",0.0156424553794389
"MP8",35,"RPSA",0.0156259324550864
"MP8",36,"ANXA2",0.0154898513466581
"MP8",37,"MDK",0.0154801231559703
"MP8",38,"CHCHD2",0.0146472951403116
"MP8",39,"TAGLN2",0.0137008628036154
"MP8",40,"SELM",0.013518458064851
"MP8",41,"LYZ",0.0129781378216627
"MP8",42,"ZFAND2A",0.0128202839062304
"MP8",43,"IL32",0.012762763195147
"MP8",44,"ORM1",0.0127145953691175
"MP8",45,"TIMP1",0.0124385276860126
"MP8",46,"HSP90AA1",0.0123516159071904
"MP8",47,"VTN",0.0123421911484308
"MP8",48,"FGG",0.0122817344229737
"MP8",49,"FOS",0.0121530005166192
"MP8",50,"HMGB1",0.0121470121772866
"MP8",51,"DNAJB1",0.0121343547504689
"MP8",52,"GPX2",0.0120438054065778
"MP8",53,"PGK1",0.0118233886553408
"MP8",54,"NQO1",0.0117368567900689
"MP8",55,"CXCL8",0.0115747326033586
"MP8",56,"HSPB1",0.0112863751219782
"MP8",57,"TUBA1B",0.0112173619287305
"MP8",58,"PKM",0.0111273117375568
