"gene","component_1","component_2","component_3","component_4","component_5","component_6","component_7","component_8","component_9"
"NQO1",0.115116336702536,0.089185086721774,0.13360301346097,0.17313858486303,0.184324905521882,0.131163643691478,-0.119621046322601,0.00923788250596756,0.0315973837454029
"GLRX3",0.167090840493003,-0.103883336464937,-0.158018538736234,0.20732014606784,0.351054474780409,0.252012476607579,0.269341126511249,0.189342413416862,-0.0286478609907878
"PSMD7",0.13523158862216,0.00865117643214585,-0.157282324280178,-0.164966203776864,-0.0843802568459829,0.0487904042657529,-0.11036696730871,-0.194658199806497,0.00637185813325594
"TUBA4A",0.16479785042224,0.0489743028235813,-0.0775571398052435,-0.0886012895581755,-0.101006683319277,0.052257481374375,-0.0386898895364681,-0.0468364575840344,-0.214533016591061
"METTL5",0.131155549376231,-0.148813464974431,-0.249389988345731,-0.121751685388084,-0.351252292795324,-0.353326633593101,-0.163769767133327,-0.0833068740997396,0.0242070483684915
"HTATIP2",0.144953336069312,0.220795578117916,0.0954667761886059,0.0941246779662257,-0.0617403212824266,0.00338682027623931,-0.0956343958848714,0.230906806714808,0.0684308843025436
"PSMD14",0.210874711037954,0.066519163062474,-0.173985939250373,0.14601967453563,0.372466641428277,0.277164568333359,0.164865143542721,0.22706413318332,0.400973616953253
"HSPB11",0.14655258000404,-0.022483441637893,-0.182626309827986,-0.0805549970567763,-0.158016995284536,-0.0982928111670702,0.0202627997302793,-0.309477215819591,-0.231729168728616
"TPD52",0.111540810425749,-0.092284706252937,-0.260225661219266,-0.124320425094414,-0.121997103530654,-0.064554522504015,-0.0665781137525442,-0.0817074004394893,-0.327167385751561
"EIF5A2",0.132823206436954,0.0377222429781423,0.0260310145758662,-0.0289765260371628,-0.0440111834647991,-0.174611117409835,-0.133166689552272,-0.0292859541887357,-0.0945795685786842
"MGMT",-0.147098382380319,-0.221735156234262,-0.277982698235619,-0.0554775617256459,-0.372390071644455,-0.241653362274363,-0.0386074844717439,0.162043033545573,0.0401829391129118
"TALDO1",0.132997233032709,0.0891812800506853,0.0209927605449112,-0.061676599177214,-0.421973928738203,-0.224775194361179,-0.435011519197968,-0.0730857270023038,0.0980710725883506
"EIF6",0.108791508297113,0.0576338577748872,0.174689476750186,0.251208241140117,-0.02515070213805,0.09381511456384,0.151314050383561,0.08693264623112,0.047292033594695
"DNAJC1",0.147223575121179,0.183133435429028,0.215506876465772,0.112276197482091,0.0171624693091501,-0.112655399473913,0.0623030421261683,0.113145239518467,0.0579878381280795
"PSMD1",0.23507529146669,0.288728642260093,0.212610784705342,0.215948350864375,0.279267854968421,0.0868343483476104,-0.140223509764145,-0.165471261330203,-0.0808775312002645
"DNAJC8",0.155152209809182,-0.00855445602921931,-0.151701810565634,-0.154156445456091,-0.181850345927253,-0.201291221504298,-0.111898818678591,-0.144545338528222,0.184604066772022
"PSMA5",0.132168169350551,-0.0425870160223985,-0.285331377928452,-0.201655550309838,-0.448148215263463,-0.090665345782415,0.0446984247719512,0.0646528994719069,0.0903831558993671
"CDK4",0.187518438551888,0.1314326496302,0.197412009713254,0.384481322753145,0.63612691074299,0.328020380291528,0.653778343429482,0.550037825592622,0.406155278282157
"STOML2",0.120122221053546,0.0232164427955216,0.123923596008248,0.166386762551689,0.0844506558986425,0.0973777337476621,0.0807179205336492,-0.0208842851416414,0.00441643225527119
"PLIN3",0.13098332295392,-0.248446223008656,-0.430789011224358,-0.278048130298997,-0.171311623736459,-0.34286231968461,-0.329560607893123,-0.0190157041121604,0.011085305595156
"COBLL1",-0.125491567567603,-0.0270948433699362,-0.225765519264581,-0.0475660734884822,0.0412149108226852,-0.242490188776902,-0.317241221260801,-0.164053268863971,0.1291054367974
"PPCS",0.13153534279196,0.194911506627276,0.0970274107539234,0.0889304322721261,0.167382395842016,0.20501001408215,0.208361472408775,-0.0801796372682259,-0.0888654256718929
"CRYL1",-0.105371907369514,0.159162522513101,0.146923645315401,0.315965551062496,0.162376157674379,-0.120052457356916,-0.147306456316192,0.113452838598751,0.162420094208694
"SORD",-0.125619706065605,0.0568190403279603,-0.164332583097861,0.00756192683274503,-0.0107751014261335,0.0778673229455733,0.339445882217421,0.339192500200002,0.236017724668041
"PSMB2",0.173812661867024,0.110955462319721,-0.0182092706990212,-0.054504013324393,-0.0659366353384983,0.17803627860891,0.141417837120568,-0.0957744485420578,0.234402791244884
"HPN",-0.0895860118546136,-0.0804765766872597,-0.223116725976063,-0.100127451826258,-0.276297550701271,-0.264615235981593,-0.157688705567156,-0.026347026820961,-0.126660272176124
"ADH1A",-0.107778963325063,0.178842570881832,0.208080059204448,0.385876267607042,0.348798256384614,0.151606754880104,-0.0756910965877371,-0.128759630175854,0.0552719761811247
"EIF2S2",0.173124547737813,-0.0809994993804861,-0.0533361544319367,0.0631138722145587,-0.18984449312971,-0.332948224788334,-0.141748487702182,-0.122946819872405,-0.151165427889178
"EEF1E1",0.175871151915222,-0.0871008361733292,0.0514623470627089,0.190710573412281,0.279261392608403,0.137637761102244,0.0233167031674208,-0.0699559949754819,-0.257661387022049
"AKR1B10",0.115592507521374,0.120884491136841,0.0703206715905269,0.0907547712200978,0.0127264058786606,0.0577696502056803,-0.0232243311627431,0.286506407735557,0.10227916709249
"C8B",-0.0900159885102633,0.0801078031359407,-0.0752293749272928,0.18130213018967,0.166023739923509,0.219643439467711,0.25703708887467,0.106433288054835,-0.0838320905257667
"PHLDA2",0.156727997801905,0.0565458230447337,0.28942639704749,0.27726022354114,0.342107712100425,0.154272341024605,-0.103038954218529,-0.0270001167583672,-0.292536472127207
"SNRPF",0.110829796159825,-0.237474163020534,-0.144532144951923,-0.0256934705915899,-0.250889397816245,-0.299934884378288,-0.126254645631523,-0.290832151942674,-0.0959543208383593
"RTN3",0.215520826536705,0.338850932883378,0.340683906972614,0.162322462502172,0.160810900275683,0.0957580478133756,0.188964954225303,0.0363108447921536,-0.0135073330261853
"ANXA2",0.141657471543962,-0.303784880125707,-0.441473738133939,-0.196842684475425,-0.0385203272812436,0.199079941984268,-0.0515363405213966,0.0677132562679815,0.125693174476326
"POLR2L",0.0990205976162652,0.0427949592314371,0.141072380206394,-0.0116501499179533,-0.244783043655743,0.194684017449661,0.210195470784281,-0.0501489935467328,-0.0627472569057161
"LDHA",0.219887314512531,0.355005805711458,0.433423769409768,0.00465111208402353,-0.127855690331861,-0.185936016167253,0.0534143852503232,0.236335623992926,0.0996626972162487
"TAT",-0.124799317734539,0.132446999150852,-0.166437680826194,-0.056449754495572,-0.0726745510083386,0.0475756381844729,-0.123815690209945,-0.264711244478261,-0.225381948007859
"GNG5",0.188512532267415,0.131299541262952,0.273810784301714,0.241407661046641,0.212420571456705,-0.0908699169109721,-0.17129606767155,-0.282198035710423,0.0920918876290589
"UGP2",-0.109491742947832,-0.0441016165765892,-0.298103579316463,-0.160677054490808,-0.102166157642355,0.0640468920076725,0.133428426683568,0.0624733927259836,0.00237291771503138
"IGFBP3",0.113978311904239,0.0911983547706001,0.167756601878632,0.0500335562176744,0.0435519606602757,-0.0943082049039347,-0.0148400802388801,0.102011274567194,0.0357873902250571
"FTH1",0.121805364645573,0.00832723797922518,-0.155465027642899,-0.098068733486066,-0.192823097115507,-0.0975548616731948,-0.0530841970700767,-0.0177290855607405,-0.229787415026785
"OAZ1",0.107201571612653,-0.198380262363421,-0.0368148925886316,0.250906624509946,0.363054210961582,0.358332310374916,0.110421503298842,0.0617482526121268,0.19541387649214
"ECHS1",-0.118811935846217,0.0364093886358905,0.0815359198237363,0.215238454797864,0.0200111068101763,-0.0850101478394337,-0.316815344266816,-0.322110968310921,-0.384116926792428
"TUBA1B",0.149475003831787,0.0653468745456019,-0.180033593069771,-0.229580985445818,-0.210482117955828,-0.547136653683143,-0.369293933464747,-0.47006469228481,-0.565993136499412
"S100A10",0.143825539389207,0.0172419796241913,0.0270113785181682,0.218493147457453,0.309460454750869,0.30177664050514,0.205075599528261,0.148642802706839,0.0933286075369542
"GC",-0.103468402689211,-0.069112692416386,-0.29614299096148,-0.1496185484858,-0.257100606345881,-0.238157813696511,-0.087887685685693,-0.0192348341193132,0.0989947179688976
"NDUFA4L2",0.097453575391344,-0.115332226129233,-0.204538984860602,-0.21442289093628,-0.226722055421773,-0.0168030146170433,0.176111021077142,0.1924268874559,-0.0253237811715296
"KNG1",-0.0965101708217836,0.158659508455064,0.0194774113286809,0.442809540423775,0.426946702650083,0.237264938865141,0.318181242010348,-0.0512407960278018,-0.145392967272163
